CLASS,DIFFICULTY
Solution2392,Hard
Solution2206,Easy
Solution1728,Hard
Solution1404,Medium
Solution2024,Medium
Solution0479,Hard
Solution1449,Hard
Solution0422,Easy
Solution1998,Hard
Solution0684,Medium
Solution3398,Hard
Solution2617,Hard
Solution2605,Easy
Solution1207,Easy
Solution2538,Hard
Solution1895,Medium
Solution1122,Easy
Solution0582,Medium
Solution2395,Easy
Solution1901,Medium
Solution3287,Hard
Solution2954,Hard
Solution1040,Medium
Solution2928,Easy
Solution0267,Medium
Solution3171,Hard
Solution2387,Medium
Solution0942,Easy
Solution1154,Easy
Solution3069,Easy
Solution2409,Easy
Solution3091,Medium
Solution3417,Easy
Solution1001,Hard
Solution2864,Easy
Solution1521,Hard
Solution2529,Easy
Solution0739,Medium
Solution3222,Easy
Solution3264,Easy
Solution0914,Easy
Solution3467,Easy
Solution0780,Hard
Solution1345,Hard
Solution0005,Medium
Solution2397,Medium
Solution0600,Hard
Solution2156,Hard
Solution2268,Medium
Solution0418,Medium
Solution3219,Hard
Solution3317,Hard
Solution0555,Medium
Solution1478,Hard
Solution2243,Easy
Solution1755,Hard
Solution0121,Easy
Solution3209,Hard
ATM,Medium
Solution1955,Hard
Solution2259,Easy
Solution0265,Hard
Solution1967,Easy
Solution0548,Hard
Solution0593,Medium
Solution2093,Medium
Solution1316,Hard
Solution0941,Easy
MyCircularDeque,Medium
Solution2115,Medium
Solution1952,Easy
Solution3341,Medium
Solution1897,Easy
Solution0670,Medium
Solution1021,Easy
Solution2549,Easy
Solution0321,Hard
Solution0017,Medium
Solution2402,Hard
Solution1272,Medium
Solution3070,Medium
Solution1283,Medium
Solution0387,Easy
Solution0231,Easy
Solution2047,Easy
Solution1642,Medium
Solution1436,Easy
Solution2734,Medium
Solution2862,Hard
Solution0475,Medium
Solution2357,Easy
Solution2577,Hard
Solution3250,Hard
Solution1641,Medium
Solution1067,Hard
Solution3235,Hard
Solution2328,Hard
Solution1595,Hard
Solution0891,Hard
Solution0035,Easy
Solution1422,Easy
NeighborSum,Easy
Solution2912,Hard
Solution3154,Hard
Solution1392,Hard
Solution1400,Medium
Solution1446,Easy
Solution1954,Medium
Solution1359,Hard
Solution0598,Easy
Solution3082,Hard
Solution1958,Medium
Solution0526,Medium
Solution0283,Easy
Solution0748,Easy
Solution1307,Hard
Solution2907,Medium
Solution2470,Medium
Solution3274,Easy
Solution3386,Easy
Solution1962,Medium
Solution3194,Easy
Solution1129,Medium
Solution2557,Medium
Solution0744,Easy
Solution1317,Easy
Solution2503,Hard
Solution1909,Easy
Solution1102,Medium
Solution3304,Easy
Solution2513,Medium
Solution1035,Medium
Solution2457,Medium
Solution2141,Hard
Solution1763,Easy
Solution0517,Hard
Solution1466,Medium
Solution1899,Medium
Solution0943,Hard
Solution1846,Medium
Solution1851,Hard
Solution2869,Easy
Solution2613,Hard
Solution2202,Medium
Solution2744,Easy
Solution2404,Easy
Solution2459,Hard
Solution2152,Medium
Bitset,Medium
Solution2272,Hard
